iter	Logloss
0	0.6320563142
1	0.5823066531
2	0.5407894194
3	0.5062279642
4	0.476800213
